{"cameraMode":{"drawMode":0,"name":"Shaded","section":"Shading Mode"},"sceneLighting":true,"audioPlay":false,"sceneViewState":{"showFog":true,"showMaterialUpdate":false,"showSkybox":true,"showFlares":true,"showImageEffects":true,"showParticleSystems":true},"in2DMode":false,"pivot":{"x":2.4797682762145998,"y":0.16957569122314454,"z":4.482131481170654},"rotation":{"x":-0.11546150594949722,"y":0.039321236312389377,"z":-0.004576760344207287,"w":-0.9925298094749451},"size":84.92115020751953,"orthographic":false}