{"cameraMode":{"drawMode":0,"name":"Shaded","section":"Shading Mode"},"sceneLighting":true,"audioPlay":false,"sceneViewState":{"showFog":true,"showMaterialUpdate":false,"showSkybox":true,"showFlares":true,"showImageEffects":true,"showParticleSystems":true},"in2DMode":false,"pivot":{"x":2.4797682762145998,"y":0.16957569122314454,"z":4.482131481170654},"rotation":{"x":-0.1613583266735077,"y":0.053852081298828128,"z":-0.008821363560855389,"w":-0.9853929877281189},"size":231.38665771484376,"orthographic":false}